{
 "operation_type_description_Desechos Peligrosos": 5.220316591018172e-11,
 "operation_type_description_SENCILLO": 1.7660089196369927e-08,
 "type_trip_name_Paqueteo": 9.905579275907773e-08,
 "operation_type_description_NACIONAL_C": 2.094704085981706e-07,
 "operation_type_description_MASIVO": 5.996366286952493e-07,
 "businessName_COLORQUIMICA S.A.S": 6.403603809894463e-07,
 "operation_type_description_NACIONAL": 1.7776244327035008e-05,
 "operation_type_description_CHATARRA COMPRA": 2.6844195999528113e-05,
 "operation_type_description_PALANQUILLA": 6.790929511249354e-05,
 "operation_type_description_FERTILIZANTE": 0.0001371436230477979,
 "operation_type_description_NATURAL": 0.00015148431986265003,
 "type_trip_name_Traslados": 0.0001587027722100119,
 "operation_type_description_TRASLADOS": 0.0001770257012682089,
 "operation_type_description_Carga Normal": 0.0003458711763444821,
 "businessName_TRANSPORTES ALEX": 0.0003877398554838811,
 "operation_type_description_Nacional": 0.0004427849272352938,
 "operation_type_description_HIERRO": 0.0005219609929295113,
 "operation_type_description_CHATARRA TRASLADO": 0.0006523193009733004,
 "operation_type_description_INSUMOS": 0.0006631741545575017,
 "operation_type_description_TIENDAS": 0.000803739782362257,
 "operation_type_description_ALIMENTOS": 0.0008418606834780084,
 "operation_type_description_GRANO": 0.0015679136933776671,
 "operation_type_description_PROVINCIA": 0.0016065215813335864,
 "operation_type_description_CARBON": 0.0022840644537103685,
 "type_trip_name_Otros": 0.0026631024564034624,
 "businessName_Transolicar": 0.002995955822469951,
 "operation_type_description_PRODUCTO TERMINADO": 0.003236086244781411,
 "idVehicle_bin_7": 0.003900946816475091,
 "idDriver_bin_5": 0.003935379945341993,
 "idVehicle_bin_9": 0.0040077356200289285,
 "operation_type_description_RUTAS ALKOSTO": 0.0040647145730617,
 "idVehicle_bin_6": 0.00411653431525136,
 "operation_type_description_EXPORTACION": 0.004206633783318241,
 "idVehicle_bin_4": 0.00421405816499124,
 "idVehicle_bin_1": 0.004296698844295097,
 "type_trip_name_Inter cedi": 0.004302360586921646,
 "idDriver_bin_9": 0.004551802258329841,
 "idVehicle_bin_8": 0.00461330576259255,
 "type_trip_name_Nacional": 0.004653887794091271,
 "operation_type_description_VIAJERA_SE": 0.0049431901629665535,
 "businessName_C.I. MILPA S.A.": 0.0049507885537315305,
 "idVehicle_bin_0": 0.005136740681671468,
 "idVehicle_bin_10": 0.0053930378163160025,
 "businessName_DIACO S.A.": 0.0054856575165930215,
 "type_trip_name_Regional": 0.0055860113896376426,
 "type_trip_name_Urbano": 0.0056476918091494886,
 "idDriver_bin_0": 0.0057229613111456695,
 "operation_type_description_URBANO_SEC": 0.005827004021042508,
 "idDriver_bin_11": 0.006003125933037016,
 "idDriver_bin_10": 0.006055400295163684,
 "idDriver_bin_4": 0.006405895165863915,
 "idDriver_bin_7": 0.0065334675640889,
 "idDriver_bin_1": 0.006637037257647638,
 "idVehicle_bin_2": 0.007346242464050658,
 "idDriver_bin_8": 0.007582755666181007,
 "city_lat": 0.00780093174460796,
 "idDriver_bin_3": 0.008027542048062873,
 "idVehicle_bin_11": 0.008282229007043508,
 "businessName_COLOMBIANA DE COMERCIO\u00a0S.A.": 0.008565089512330272,
 "idDriver_bin_6": 0.00911372076673452,
 "businessName_OPPERAR COLOMBIA S.A.S.": 0.009114102956863376,
 "idDriver_bin_2": 0.00957259710301717,
 "city_lon": 0.009946309997583296,
 "idVehicle_bin_3": 0.01071840513933718,
 "typeCompanie_ET": 0.017840681263736217,
 "idVehicle_bin_5": 0.018571920258699158,
 "typeCompanie_GC": 0.01887941509114786,
 "arrivalDistance": 0.046558445955780375,
 "longitude": 0.05739311092909054,
 "latitude": 0.08274108737137559,
 "month": 0.11025674384724701,
 "grouped_hours": 0.11100161287343395,
 "weekMonth": 0.13159904530408933,
 "weekDay": 0.1581443952440624
}